Workbook

Sheet 기성정보_출력X
B2: 공사명 | C2: (예시) OO부대 시설물 보수공사
B3: 공사위치 | C3: OO도 OO시 OO구
B4: 발주처(수신) | C4: OO청
B5: 참조 | C5: OO과
B6: 원도급사 상호 | C6: 주식회사 가상건설
B7: 원도급사 주소 | C7: OO도 OO시 OO구 OO로 00
B8: 원도급사 대표자 | C8: 홍길동
B9: 계약금액(VAT포함) | C9: 150000000 | E9: =C9/1.1 -> 1.3636364e+08 | F9: =C9-E9 -> 13636364
B10: 계약년월일 | C10: 46029
B11: 착공년월일 | C11: 46029
B12: 준공기한 | C12: 46073
B13: 준공년월일
B14: 현재공정율(%) | C14: 10
B15: 전회기성금액 | C15: 0
B16: 금회기성금액 | C16: 15000000 | E16: =C16/1.1 -> 13636364 | F16: =C16-E16 -> 1363636.4
B17: 선금수령액 | C17: 0
B18: 노무비수령액 | C18: 0
B19: 선금공제액 | C19: 0
B20: 기성금공제액 | C20: 0
B21: 입금은행 | C21: OO은행
B22: 계좌번호 | C22: 000-0000-0000
B23: 공동도급 여부(TRUE/FALSE) | C23: =FALSE() -> FALSE
B24: 공동수급사 상호
B25: 공동수급사 지분율(%) | C25: 0
C26: =C15+C16 -> 15000000

Sheet 기성공문
B1: =기성정보_출력X!C6 -> 주식회사 가상건설
A2: 본사 : 우) 서울 oo구 ☎ (02) 000-0000 / FAX (02) 000-0000
A6: 문서번호 : | C6: 선람 | F6: 지시
A7: 시행일자 : 2026. | C7: 접 수 | D7: 일자 시간 | F7: 결재 · 공람
A8: 경 유 : | D8: 번호
A9: ="수 신 : "&기성정보_출력X!C4 -> 수 신 : OO청 | C9: 처리자
A10: ="참 조 : "&기성정보_출력X!C5 -> 참 조 : OO과 | C10: 담당자
C11: 심사자 | F11: 심사일
A12: ="제 목 : ["&기성정보_출력X!C2&"] 관련 기성검사원 제출의 건." -> 제 목 : [(예시) OO부대 시설물 보수공사] 관련 기성검사원 제출의 건.
B14: 1. 귀 구청의 무궁한 발전을 기원합니다.
B16: 2. 관련근거 :
B18: 3. 위 관련근거에 의거하여 기성검사원을 첨부와 같이 제출 합니다.
A24: * 첨 부 : 기성검사원 1부. 끝.
C28: 원도급사
C29: =기성정보_출력X!C7 -> OO도 OO시 OO구 OO로 00
C30: =기성정보_출력X!C6 -> 주식회사 가상건설
C31: 대표자 : (인)

Sheet 공사기성부분검사원
C2: 공사 기성부분 검사원
H3: 책임건설사업관리기술인 경유 (인)
B4: 1. | C4: 공 사 명 : | F4: =기성정보_출력X!C2 -> (예시) OO부대 시설물 보수공사
B5: 2. | C5: 공 사 위 치 :
B6: 3. | C6: 계 약 금 액 :
B7: 4. | C7: 전회까지기성액 :
B8: 5. | C8: 금회 기성금액 :
B9: 6. | C9: 누계 기성금액 :
B10: 7. | C10: 계 약 년 월 일 : | F10: 2026년 | G10: 0월 | H10: 00일
B11: 8. | C11: 착 공 년 월 일 : | F11: 2026년 | G11: 0월 | H11: 00일
B12: 9. | C12: 준 공 기 한 : | F12: 2026년 | G12: 0월 | H12: 00일
B13: 10. | C13: 현 재 공 정 : | F13: 2026년 | G13: 0월 | H13: 00일 | I13: 현재 | J13: 0 | K13: =K9 -> 0
B14: 11. | C14: 첨 부 서 류 : | F14: 기성 내역서, 기성부분 사진
C16: 위 공사의 수급시행에 있어서 공사전반에 걸쳐 공사설계도서, 품질관리기준 및 기타 약정대로
C17: 어김없이 기성되었음을 확인하오며 만약 공사의 시공, 감리 및 검사에 관하여 하자가 발견될 시는
C18: 즉시 변상 또는 재시공할 것을 서약하고 이에 기성검사원을 제출 하오니 검사하여 주시기 바랍니다.
H21: 2026-0-00
C24: =기성정보_출력X!C7 -> OO도 OO시 OO구 OO로 00
C25: =기성정보_출력X!C6 -> 주식회사 가상건설
C26: 대 표 자 : (인)
B29: =기성금청구서!B31 -> 귀하

Sheet 기성계
A1: 공사 기성계
A3: 1. | B3: 공사명 | C3: : | D3: =기성정보_출력X!C2 -> (예시) OO부대 시설물 보수공사
A4: 2. | B4: 계약금액 | C4: : | D4: ="일금 "&"OOO원정 ("&TEXT(기성정보_출력X!C9,"#,##0")&"원)" -> 일금 OOO원정 (150,000,000원)
A5: 3. | B5: 계약년월일 | C5: : | D5: =기성정보_출력X!C10 -> 46029
A6: 4. | B6: 착공년월일 | C6: : | D6: =기성정보_출력X!C11 -> 46029
A7: 5. | B7: 준공기한 | C7: : | D7: =기성정보_출력X!C12 -> 46073
A8: 6. | B8: 현재공정 | C8: : | D8: ="현재공정율 "&기성정보_출력X!C14&"%" -> 현재공정율 10%
A9: 7. | B9: 전회기성금액 | C9: : | D9: =기성정보_출력X!C15 -> 0
A10: 8. | B10: 금회기성금액 | C10: : | D10: =기성정보_출력X!C16 -> 15000000
A11: 9. | B11: 누계기성금액 | C11: : | D11: =기성정보_출력X!C26 -> 15000000
A13: 상기와 같이 기성하였기에 기성계를 제출합니다.
A15: 첨부 : 1. 기성부분내역서 1부.
A16: 2. 기성사진대지 1부.
A19: =기성금청구서!A22 -> 2026-0-00
B22: =기성정보_출력X!C7 -> OO도 OO시 OO구 OO로 00
B23: =기성정보_출력X!C6 -> 주식회사 가상건설
B24: =기성정보_출력X!C8 -> 홍길동 | E24: (인)
B28: =공사기성부분검사원!B29 -> 귀하

Sheet 기성금청구서
A1: 기 성 금 청 구 서
A3: 1. | B3: 공사명 | C3: : | D3: =기성정보_출력X!C2 -> (예시) OO부대 시설물 보수공사
A4: 3. | B4: 계약금액 | C4: : | D4: ="일금 OOO원정 ("&TEXT(기성정보_출력X!C9,"#,##0")&"원)" -> 일금 OOO원정 (150,000,000원)
A5: 4. | B5: 계약년월일 | C5: : | D5: =기성정보_출력X!C10 -> 46029
A6: 5. | B6: 착공년월일 | C6: : | D6: =D5 -> 46029
A7: 6. | B7: 준공기한 | C7: : | D7: =D6 -> 46029
A8: 7. | B8: 준공년월일 | C8: : | D8: =D7 -> 46029
A9: 8. | B9: 기성누계금액 | C9: : | D9: =기성정보_출력X!C26 -> 15000000
A10: 9. | B10: 공제금액 | C10: :
B11: 노무비수령액 | D11: =기성정보_출력X!C18 -> 0
B12: 선금공제액 | D12: =기성정보_출력X!C19 -> 0
B13: 기성금공제액 | D13: =기성정보_출력X!C20 -> 0
A14: 10. | B14: 금회요청금액 | D14: =기성정보_출력X!C16-기성정보_출력X!C18-기성정보_출력X!C19-기성정보_출력X!C20 -> 15000000
A16: 위 금액을 상기공사 기성금으로 청구하오니 아래와 같이 지급하여 주시기 바랍니다.
A18: 상 호 | C18: 은행 | E18: 계좌번호 | G18: 금액 | I18: 비고
A19: =기성정보_출력X!C6 -> 주식회사 가상건설
A20: =IF(기성정보_출력X!C23=TRUE(),기성정보_출력X!C24,"")
A22: 2026-0-00
B24: =기성정보_출력X!C7 -> OO도 OO시 OO구 OO로 00 | G24: 주소 :
B25: =기성정보_출력X!C6 -> 주식회사 가상건설 | G25: 상호 :
B26: =기성정보_출력X!C8 -> 홍길동 | E26: (인) | G26: 대표자 : | H26: (인)
B31: 귀하

Sheet 기성부분검사조서
B1: 기 성 부 분 검 사 조 서
B3: 공 사 명 | G3: =기성정보_출력X!C2 -> (예시) OO부대 시설물 보수공사
B4: 도 급 자 | T4: 대표
B5: 계약금액 | G5: =기성정보_출력X!C9 -> 150000000 | Q5: (일금 일십억 원정)
B6: 계 약 | G6: =기성정보_출력X!C10 -> 46029 | Q6: 준공기한 | V6: =기성정보_출력X!C12 -> 46073
B7: 착 공 | G7: =기성정보_출력X!C11 -> 46029 | Q7: 준 공 | V7: =기성정보_출력X!C13 -> 0
B8: 준공검사 | G8: =기성정보_출력X!C13 -> 0 | Q8: 비 고
B9: 참 고 | G9: 별지참고
B11: 별지 설계서 및 도면에 의하여 위와 같이 기성검사를 필하였음.
M13: 2026-0-00
C15: 결 재 | F15: 담 당
C20: 검사자 | AB20: (인)
C24: 입회자 | R24: =기성정보_출력X!C6 -> 주식회사 가상건설 | AB24: (인)

Sheet 기성부분내역서
B1: [별지 제28호 서식]
B3: 공사기성부분 내역서
B5: =기성정보_출력X!C2 -> (예시) OO부대 시설물 보수공사
B6: =기성정보_출력X!C9 -> 150000000
B7: =기성정보_출력X!C17 -> 0
B8: =기성정보_출력X!C15 -> 0
B9: =기성정보_출력X!C16 -> 15000000
B10: =기성정보_출력X!C26 -> 15000000
B11: =기성정보_출력X!C19 -> 0
B12: =기성정보_출력X!C18 -> 0
B13: =기성정보_출력X!C16-기성정보_출력X!C19-기성정보_출력X!C18 -> 15000000
B15: 공동 도급회사 | C15: 도급액 | D15: 전회 기성액 | G15: 금회 기성액 | J15: 누계 기성액 | M15: 선금 공제 | P15: 노무비공제 | Q15: 금회기성 실지급액 | R15: 기성누계 | S15: 비 고
D16: 금 액 | F16: 비율 | G16: 금 액 | I16: 비율 | J16: 금 액 | L16: 비율 | M16: 금 액 | O16: 비율
B17: =기성정보_출력X!C6 -> 주식회사 가상건설 | C17: =기성정보_출력X!C9-C18 -> 150000000 | R17: =J17 -> 0 | V17: =G17-P17-M17 -> 0
B18: =IF(기성정보_출력X!C23=TRUE(),기성정보_출력X!C24,"") | C18: =IF(기성정보_출력X!C23=TRUE(),공사원가계산서!E33*기성정보_출력X!C25/100,0) -> 0 | R18: =J18 -> 0
B19: 계 | C19: =SUM(C17:C18) -> 150000000 | R19: =SUM(R17:R18) -> 0

Sheet 표지
A2: 기성내역서
B6: ="공사명 : "&기성정보_출력X!C2 -> 공사명 : (예시) OO부대 시설물 보수공사
B8: 구분 | E8: 계 약 금 액 | F8: 금 회 기 성 | G8: 누 계 기 성 | H8: 비 고
B9: 총공사비
B10: 도급액 | C10: 공급가액 | E10: =기성정보_출력X!E9 -> 1.3636364e+08 | F10: =기성정보_출력X!E16 -> 13636364 | G10: =기성정보_출력X!C26/1.1 -> 13636364
C11: 부가가치세 | E11: =기성정보_출력X!F9 -> 13636364 | F11: =기성정보_출력X!F16 -> 1363636.4 | G11: =기성정보_출력X!C26-G10 -> 1363636.4
C12: 계 | E12: =기성정보_출력X!C9 -> 150000000 | F12: =기성정보_출력X!C16 -> 15000000 | G12: =기성정보_출력X!C26 -> 15000000
B17: 확 인 | E17: 원도급사 | F17: 주 소 :
B18: 소 속 | F18: =기성정보_출력X!C7 -> OO도 OO시 OO구 OO로 00
B19: 직 급 | F19: =기성정보_출력X!C6 -> 주식회사 가상건설
B20: 성 명 | D20: (인)

Sheet 공사원가계산서
B1: 공 사 원 가 계 산 서
B2: 공사명 : oo 신축공사
B3: 비 목 | E3: 계약금액 | F3: 전회기성 | K3: 금회기성 | Q3: 누계기성 | W3: 구 성 비 | X3: 비 고
F4: 건 축 | G4: 토 목 | H4: 기계설비 | I4: 합계 | J4: 기성율 | K4: 건 축 | L4: 토 목 | M4: 조 경 | N4: 기계설비 | O4: 합계 | P4: 기성율 | Q4: 건 축 | R4: 토 목 | S4: 조 경 | T4: 기계설비 | U4: 합계 | V4: 기성율
A5: A1 | B5: 순 공 사 원 가 | C5: 재 료 비 | D5: 직 접 재 료 비
A6: A2 | D6: 간 접 재 료 비
A7: A3 | D7: 작업설, 부산물(△)
A8: AS | D8: [ 소 계 ] | E8: =SUM(E5:E7) -> 0
A9: B1 | C9: 노 무 비 | D9: 직 접 노 무 비
A10: B2 | D10: 간 접 노 무 비
A11: BS | D11: [ 소 계 ] | E11: =SUM(E9:E10) -> 0
A12: C2 | C12: 경 비 | D12: 경 비
A13: C4 | D13: 산 재 보 험 료
A14: C5 | D14: 고 용 보 험 료
A15: C6 | D15: 국민 건강 보험료
A16: C7 | D16: 국민 연금 보험료
A17: CB | D17: 노인장기요양보험료
A18: C8 | D18: 퇴직 공제 부금비
A19: C9 | D19: 품 질 시 험 비
A20: CA | D20: 산업안전보건관리비
A21: CH | D21: 환 경 보 전 비
A22: CG | D22: 기 타 경 비
A23: CK | D23: 하도급지급보증수수료
A24: CL | D24: 건설기계대여금지급보증서발급수수료
A25: CS | D25: [ 소 계 ] | E25: =SUM(E13:E24) -> 0
A26: S1 | B26: 계 | E26: =E8+E11+E25 -> 0
A27: D1 | B27: 일 반 관 리 비
A28: D2 | B28: 이 윤
A29: D4 | B29: 건설폐기물상차비
A30: D5 | B30: 건설폐기물처리비 | X30: 100톤미만
A31: D9 | B31: 공 급 가 액 | E31: =E26+E27+E28+E29+E30 -> 0
A32: DB | B32: 부 가 가 치 세 | E32: =E31*0.1 -> 0
A33: DH | B33: 도 급 액 | E33: =E31+E32 -> 0
A34: DK
A35: DL
A36: DL
A37: S2

Sheet 총괄집계표
A1: 총 괄 집 계 표
A2: [ oo 신축공사 ]
A3: 품 명 | B3: 규 격 | C3: 단위 | D3: 수량 | E3: 계약내역 | M3: 전회기성 | V3: 금회기성 | AE3: 누계기성
E4: 재 료 비 | G4: 노 무 비 | I4: 경 비 | K4: 합 계 | M4: 수량 | N4: 재 료 비 | P4: 노 무 비 | R4: 경 비 | T4: 합 계 | V4: 수량 | W4: 재 료 비 | Y4: 노 무 비 | AA4: 경 비 | AB4: 경비 | AC4: 합 계 | AE4: 수량 | AF4: 재 료 비 | AH4: 노 무 비 | AJ4: 경 비 | AL4: 합 계
E5: 단 가 | F5: 금 액 | G5: 단 가 | H5: 금 액 | I5: 단 가 | J5: 금 액 | K5: 단 가 | L5: 금 액 | N5: 단가 | O5: 금액 | P5: 단가 | Q5: 금액 | R5: 단가 | S5: 금액 | T5: 단가 | U5: 금액 | W5: 단가 | X5: 금액 | Y5: 단가 | Z5: 금액 | AA5: 단가 | AB5: 금액 | AC5: 단가 | AD5: 금액 | AF5: 단가 | AG5: 금액 | AH5: 단가 | AI5: 금액 | AJ5: 단가 | AK5: 금액 | AL5: 단가 | AM5: 금액
A6: 01 oo 신축공사 | C6: 식 | D6: 1
A7: 0101 ▶ 건축공사 | C7: 식 | D7: 1 | F7: ='공종별집계표(건축)'!F33 -> 0 | H7: ='공종별집계표(건축)'!H33 -> 0 | J7: ='공종별집계표(건축)'!J33 -> 0 | L7: =F7+H7+J7 -> 0
A8: 0102 건설폐기물상차비 | B8: ★집계제외★ | C8: 식 | D8: 1
A9: 0103 건설폐기물처리비 | B9: ★집계제외★ | C9: 식 | D9: 1
A10: 0104 품 질 시 험 비 | B10: ★집계제외★ | C10: 식 | D10: 1
A11: 0105 안 전 관 리 비 | B11: ★집계제외★ | C11: 식 | D11: 1
A12: 0106 도급자관급자재비 | B12: ★집계제외★ | C12: 식 | D12: 1
A13: 0107 관급자관급자재비 | B13: ★집계제외★ | C13: 식 | D13: 1
A14: 0102 ▶ 토목공사 | C14: 식 | D14: 1
A15: 0103 ▶ 조경공사 | C15: 식 | D15: 1
A16: 0110 관급자관급자재비 | B16: ★집계제외★ | C16: 식 | D16: 1
A17: 0104 ▶ 기계설비공사 | C17: 식 | D17: 1
A18: 0112 관급자관급자재비 | B18: ★집계제외★ | C18: 식 | D18: 1
A19: 0113 시 설 분 담 금 | B19: ★집계제외★ | C19: 식 | D19: 1
A25: [ 합 계 ] | F25: =F7+F14+F15+F17 -> 0 | H25: =H7+H14+H15+H17 -> 0 | J25: =J7+J14+J15+J17 -> 0 | L25: =F25+H25+J25 -> 0 | O25: =O6 -> 0 | Q25: =Q6 -> 0 | S25: =S6 -> 0 | U25: =U6 -> 0 | X25: =X6 -> 0 | Z25: =Z6 -> 0 | AB25: =AB6 -> 0 | AD25: =AD6 -> 0 | AG25: =AG6 -> 0 | AI25: =AI6 -> 0 | AK25: =AK6 -> 0 | AM25: =AM6 -> 0

Sheet 공종별집계표(건축)
A1: 공 종 별 집 계 표 [건축]
A2: [ 00 신축공사 ]
A3: 품 명 | B3: 규 격 | C3: 단위 | D3: 수량 | E3: 계약내역 | M3: 전회기성 | V3: 금회기성 | AE3: 누계기성
E4: 재 료 비 | G4: 노 무 비 | I4: 경 비 | K4: 합 계 | M4: 수량 | N4: 재 료 비 | P4: 노 무 비 | R4: 경 비 | T4: 합 계 | V4: 수량 | W4: 재 료 비 | Y4: 노 무 비 | AA4: 경 비 | AC4: 합 계 | AE4: 수량 | AF4: 재 료 비 | AH4: 노 무 비 | AJ4: 경 비 | AL4: 합 계
E5: 단 가 | F5: 금 액 | G5: 단 가 | I5: 단 가 | K5: 단 가 | N5: 단가 | O5: 금액 | P5: 단가 | Q5: 금액 | R5: 단가 | S5: 금액 | T5: 단가 | U5: 금액 | W5: 단가 | X5: 금액 | Y5: 단가 | Z5: 금액 | AA5: 단가 | AB5: 금액 | AC5: 단가 | AD5: 금액 | AF5: 단가 | AG5: 금액 | AH5: 단가 | AI5: 금액 | AJ5: 단가 | AK5: 금액 | AL5: 단가 | AM5: 금액
A6: 01 00 신축공사 | C6: 식 | D6: 1
A7: 0101 ▶ 건축공사 | F7: =SUM(F8:F26) -> 0 | H7: =SUM(H8:H26) -> 0 | J7: =SUM(J8:J26) -> 0 | L7: =F7+H7+J7 -> 0
A8: 010101 공통 가설 공사
A9: 010102 가 설 공 사
A10: 010103 지 정 공 사
A11: 010104 철근콘크리트공사
A12: 010105 조 적 공 사
A13: 010106 돌 공 사
A14: 010107 타 일 공 사
A15: 010108 목공사및수장공사
A16: 010109 방 수 공 사
A17: 010110 홈 통 공 사
A18: 010111 금 속 공 사
A19: 010112 미 장 공 사
... A32: 0107 관급자관급자재비
A33: [ 합 계 ] | F33: =F7+SUM(F27:F32) -> 0 | H33: =H7+SUM(H27:H32) -> 0 | J33: =J7+SUM(J27:J32) -> 0 | L33: =F33+H33+J33 -> 0

Sheet 공종별내역서(건축)
A1: 건축내역서
A2: [ 신축공사 ]
A3: 품 명 | B3: 규 격 | C3: 단위 | D3: 수량 | E3: 계약내역 | M3: 전회기성 | V3: 금회기성 | AE3: 누계기성
E4: 재 료 비 | G4: 노 무 비 | I4: 경 비 | K4: 합 계 | M4: 수량 | N4: 재 료 비 | P4: 노 무 비 | R4: 경 비 | T4: 합 계 | V4: 수량 | W4: 재 료 비 | Y4: 노 무 비 | AA4: 경 비 | AC4: 합 계 | AE4: 수량 | AF4: 재 료 비 | AH4: 노 무 비 | AJ4: 경 비 | AL4: 합 계
E5: 단 가 | F5: 금 액 | G5: 단 가 | H5: 금 액 | I5: 단 가 | J5: 금 액 | K5: 단 가 | L5: 금 액 | N5: 단가 | O5: 금액 | P5: 단가 | Q5: 금액 | R5: 단가 | S5: 금액 | T5: 단가 | U5: 금액 | W5: 단가 | X5: 금액 | Y5: 단가 | Z5: 금액 | AA5: 단가 | AB5: 금액 | AC5: 단가 | AD5: 금액 | AF5: 단가 | AG5: 금액 | AH5: 단가 | AI5: 금액 | AJ5: 단가 | AK5: 금액 | AL5: 단가 | AM5: 금액
B6: ▶ 건축공사
A38: [ 합 계 ]
A39: 0106 도급자관급자재비
A40: [ 레미콘 ] | D40: 10 | E40: 50000 | F40: =TRUNC(E40*D40,0) -> 500000 | G40: 30000 | H40: =TRUNC(D40*G40,0) -> 300000 | I40: 5000 | J40: =TRUNC(D40*I40,0) -> 50000 | K40: =E40+G40+I40 -> 85000 | L40: =TRUNC(D40*K40,0) -> 850000 | M40: 10 | N40: 45000 | O40: =TRUNC(N40*M40,0) -> 450000 | Q40: =TRUNC(M40*P40,0) -> 0 | S40: =TRUNC(M40*R40,0) -> 0 | T40: =N40+P40+R40 -> 45000 | U40: =TRUNC(M40*T40,0) -> 450000 | X40: =TRUNC(W40*V40,0) -> 0 | Z40: =TRUNC(V40*Y40,0) -> 0 | AB40: =TRUNC(V40*AA40,0) -> 0 | AC40: =W40+Y40+AA40 -> 0 | AD40: =TRUNC(V40*AC40,0) -> 0 | AG40: =TRUNC(AF40*AE40,0) -> 0 | AI40: =TRUNC(AE40*AH40,0) -> 0 | AK40: =TRUNC(AE40*AJ40,0) -> 0 | AL40: =AF40+AH40+AJ40 -> 0 | AM40: =TRUNC(AE40*AL40,0) -> 0
A41: 레미콘(부가세포함) | B41: 레미콘, 서울(동작구), 25-18-80 | C41: M3 | D41: 8 | E41: 89830 | F41: =TRUNC(E41*D41,0) -> 718640 | G41: 0 | H41: =TRUNC(D41*G41,0) -> 0 | I41: 0 | J41: =TRUNC(D41*I41,0) -> 0 | K41: =E41+G41+I41 -> 89830 | L41: =TRUNC(D41*K41,0) -> 718640 | M41: 0 | N41: =E41 -> 89830 | O41: =TRUNC(N41*M41,0) -> 0 | P41: =G41 -> 0 | Q41: =TRUNC(P41*M41,0) -> 0 | R41: =I41 -> 0 | S41: =TRUNC(R41*M41,0) -> 0 | T41: =N41+P41+R41 -> 89830 | U41: =TRUNC(M41*T41,0) -> 0 | V41: 0 | W41: =E41 -> 89830 | X41: =TRUNC(W41*V41,0) -> 0 | Y41: =G41 -> 0 | Z41: =TRUNC(Y41*V41,0) -> 0 | AA41: =I41 -> 0 | AB41: =TRUNC(AA41*V41,0) -> 0 | AC41: =W41+Y41+AA41 -> 89830 | AD41: =TRUNC(V41*AC41,0) -> 0 | AE41: =M41+V41 -> 0 | AF41: =E41 -> 89830 | AG41: =TRUNC(AF41*AE41,0) -> 0 | AH41: =G41 -> 0 | AI41: =TRUNC(AH41*AE41,0) -> 0 | AJ41: =I41 -> 0 | AK41: =TRUNC(AJ41*AE41,0) -> 0 | AL41: =AF41+AH41+AJ41 -> 89830 | AM41: =TRUNC(AE41*AL41,0) -> 0
A42: 레미콘(부가세포함) | B42: 레미콘, 서울(동작구), 25-18-120 | C42: M3 | D42: 13 | E42: 91430 | F42: =TRUNC(E42*D42,0) -> 1188590 | G42: 0 | H42: =TRUNC(D42*G42,0) -> 0 | I42: 0 | J42: =TRUNC(D42*I42,0) -> 0 | K42: =E42+G42+I42 -> 91430 | L42: =TRUNC(D42*K42,0) -> 1188590 | M42: 0 | N42: =E42 -> 91430 | O42: =TRUNC(N42*M42,0) -> 0 | P42: =G42 -> 0 | Q42: =TRUNC(P42*M42,0) -> 0 | R42: =I42 -> 0 | S42: =TRUNC(R42*M42,0) -> 0 | T42: =N42+P42+R42 -> 91430 | U42: =TRUNC(M42*T42,0) -> 0 | V42: 0 | W42: =E42 -> 91430 | X42: =TRUNC(W42*V42,0) -> 0 | Y42: =G42 -> 0 | Z42: =TRUNC(Y42*V42,0) -> 0 | AA42: =I42 -> 0 | AB42: =TRUNC(AA42*V42,0) -> 0 | AC42: =W42+Y42+AA42 -> 91430 | AD42: =TRUNC(V42*AC42,0) -> 0 | AE42: =M42+V42 -> 0 | AF42: =E42 -> 91430 | AG42: =TRUNC(AF42*AE42,0) -> 0 | AH42: =G42 -> 0 | AI42: =TRUNC(AH42*AE42,0) -> 0 | AJ42: =I42 -> 0 | AK42: =TRUNC(AJ42*AE42,0) -> 0 | AL42: =AF42+AH42+AJ42 -> 91430 | AM42: =TRUNC(AE42*AL42,0) -> 0
A43: 레미콘(부가세포함) | B43: 레미콘, 서울(동작구), 25-27-150 | C43: M3 | D43: 312 | E43: 106850 | F43: =TRUNC(E43*D43,0) -> 33337200 | G43: 0 | H43: =TRUNC(D43*G43,0) -> 0 | I43: 0 | J43: =TRUNC(D43*I43,0) -> 0 | K43: =E43+G43+I43 -> 106850 | L43: =TRUNC(D43*K43,0) -> 33337200 | M43: 0 | N43: =E43 -> 106850 | O43: =TRUNC(N43*M43,0) -> 0 | P43: =G43 -> 0 | Q43: =TRUNC(P43*M43,0) -> 0 | R43: =I43 -> 0 | S43: =TRUNC(R43*M43,0) -> 0 | T43: =N43+P43+R43 -> 106850 | U43: =TRUNC(M43*T43,0) -> 0 | V43: 0 | W43: =E43 -> 106850 | X43: =TRUNC(W43*V43,0) -> 0 | Y43: =G43 -> 0 | Z43: =TRUNC(Y43*V43,0) -> 0 | AA43: =I43 -> 0 | AB43: =TRUNC(AA43*V43,0) -> 0 | AC43: =W43+Y43+AA43 -> 106850 | AD43: =TRUNC(V43*AC43,0) -> 0 | AE43: =M43+V43 -> 0 | AF43: =E43 -> 106850 | AG43: =TRUNC(AF43*AE43,0) -> 0 | AH43: =G43 -> 0 | AI43: =TRUNC(AH43*AE43,0) -> 0 | AJ43: =I43 -> 0 | AK43: =TRUNC(AJ43*AE43,0) -> 0 | AL43: =AF43+AH43+AJ43 -> 106850 | AM43: =TRUNC(AE43*AL43,0) -> 0
A73: 소 계 | F73: =SUM(F41,F42,F43) -> 35244430 | H73: =SUM(H41,H42,H43) -> 0 | J73: =SUM(J41,J42,J43) -> 0 | L73: =SUM(L41,L42,L43) -> 35244430 | O73: =SUM(O41,O42,O43) -> 0 | Q73: =SUM(Q41,Q42,Q43) -> 0 | S73: =SUM(S41,S42,S43) -> 0 | U73: =SUM(U41,U42,U43) -> 0 | X73: =SUM(X41,X42,X43) -> 0 | Z73: =SUM(Z41,Z42,Z43) -> 0 | AB73: =SUM(AB41,AB42,AB43) -> 0 | AD73: =SUM(AD41,AD42,AD43) -> 0 | AG73: =SUM(AG41,AG42,AG43) -> 0 | AI73: =SUM(AI41,AI42,AI43) -> 0 | AK73: =SUM(AK41,AK42,AK43) -> 0 | AM73: =SUM(AM41,AM42,AM43) -> 0
A74: [ 이형철근 ]
A75: 철근콘크리트용봉강(부가세포함) | B75: 철근콘크리트용봉강, 이형봉강(SD400), HD-10, 하치장상차도 | C75: TON | D75: 16.474 | E75: 861060 | F75: =TRUNC(E75*D75,0) -> 14185102 | G75: 0 | H75: =TRUNC(D75*G75,0) -> 0 | I75: 0 | J75: =TRUNC(D75*I75,0) -> 0 | K75: =E75+G75+I75 -> 861060 | L75: =TRUNC(D75*K75,0) -> 14185102 | M75: 0 | N75: =E75 -> 861060 | O75: =TRUNC(N75*M75,0) -> 0 | P75: =G75 -> 0 | Q75: =TRUNC(P75*M75,0) -> 0 | R75: =I75 -> 0 | S75: =TRUNC(R75*M75,0) -> 0 | T75: =N75+P75+R75 -> 861060 | U75: =TRUNC(M75*T75,0) -> 0 | V75: 0 | W75: =E75 -> 861060 | X75: =TRUNC(W75*V75,0) -> 0 | Y75: =G75 -> 0 | Z75: =TRUNC(Y75*V75,0) -> 0 | AA75: =I75 -> 0 | AB75: =TRUNC(AA75*V75,0) -> 0 | AC75: =W75+Y75+AA75 -> 861060 | AD75: =TRUNC(V75*AC75,0) -> 0 | AE75: =M75+V75 -> 0 | AF75: =E75 -> 861060 | AG75: =TRUNC(AF75*AE75,0) -> 0 | AH75: =G75 -> 0 | AI75: =TRUNC(AH75*AE75,0) -> 0 | AJ75: =I75 -> 0 | AK75: =TRUNC(AJ75*AE75,0) -> 0 | AL75: =AF75+AH75+AJ75 -> 861060 | AM75: =TRUNC(AE75*AL75,0) -> 0
A76: 철근콘크리트용봉강(부가세포함) | B76: 철근콘크리트용봉강, 이형봉강(SD400), HD-13, 하치장상차도 | C76: TON | D76: 9.577 | E76: 856390 | F76: =TRUNC(E76*D76,0) -> 8201647 | G76: 0 | H76: =TRUNC(D76*G76,0) -> 0 | I76: 0 | J76: =TRUNC(D76*I76,0) -> 0 | K76: =E76+G76+I76 -> 856390 | L76: =TRUNC(D76*K76,0) -> 8201647 | M76: 0 | N76: =E76 -> 856390 | O76: =TRUNC(N76*M76,0) -> 0 | P76: =G76 -> 0 | Q76: =TRUNC(P76*M76,0) -> 0 | R76: =I76 -> 0 | S76: =TRUNC(R76*M76,0) -> 0 | T76: =N76+P76+R76 -> 856390 | U76: =TRUNC(M76*T76,0) -> 0 | V76: 0 | W76: =E76 -> 856390 | X76: =TRUNC(W76*V76,0) -> 0 | Y76: =G76 -> 0 | Z76: =TRUNC(Y76*V76,0) -> 0 | AA76: =I76 -> 0 | AB76: =TRUNC(AA76*V76,0) -> 0 | AC76: =W76+Y76+AA76 -> 856390 | AD76: =TRUNC(V76*AC76,0) -> 0 | AE76: =M76+V76 -> 0 | AF76: =E76 -> 856390 | AG76: =TRUNC(AF76*AE76,0) -> 0 | AH76: =G76 -> 0 | AI76: =TRUNC(AH76*AE76,0) -> 0 | AJ76: =I76 -> 0 | AK76: =TRUNC(AJ76*AE76,0) -> 0 | AL76: =AF76+AH76+AJ76 -> 856390 | AM76: =TRUNC(AE76*AL76,0) -> 0
A77: 철근콘크리트용봉강(부가세포함) | B77: 철근콘크리트용봉강, 이형봉강(SD400), HD-16, 하치장상차도 | C77: TON | D77: 2.284 | E77: 856390 | F77: =TRUNC(E77*D77,0) -> 1955994 | G77: 0 | H77: =TRUNC(D77*G77,0) -> 0 | I77: 0 | J77: =TRUNC(D77*I77,0) -> 0 | K77: =E77+G77+I77 -> 856390 | L77: =TRUNC(D77*K77,0) -> 1955994 | M77: 0 | N77: =E77 -> 856390 | O77: =TRUNC(N77*M77,0) -> 0 | P77: =G77 -> 0 | Q77: =TRUNC(P77*M77,0) -> 0 | R77: =I77 -> 0 | S77: =TRUNC(R77*M77,0) -> 0 | T77: =N77+P77+R77 -> 856390 | U77: =TRUNC(M77*T77,0) -> 0 | V77: 0 | W77: =E77 -> 856390 | X77: =TRUNC(W77*V77,0) -> 0 | Y77: =G77 -> 0 | Z77: =TRUNC(Y77*V77,0) -> 0 | AA77: =I77 -> 0 | AB77: =TRUNC(AA77*V77,0) -> 0 | AC77: =W77+Y77+AA77 -> 856390 | AD77: =TRUNC(V77*AC77,0) -> 0 | AE77: =M77+V77 -> 0 | AF77: =E77 -> 856390 | AG77: =TRUNC(AF77*AE77,0) -> 0 | AH77: =G77 -> 0 | AI77: =TRUNC(AH77*AE77,0) -> 0 | AJ77: =I77 -> 0 | AK77: =TRUNC(AJ77*AE77,0) -> 0 | AL77: =AF77+AH77+AJ77 -> 856390 | AM77: =TRUNC(AE77*AL77,0) -> 0
A78: 철근콘크리트용봉강(부가세포함) | B78: 철근콘크리트용봉강, 이형봉강(SD500), SH-19, 하치장상차도 | C78: TON | D78: 11.661 | E78: 893810 | F78: =TRUNC(E78*D78,0) -> 10422718 | G78: 0 | H78: =TRUNC(D78*G78,0) -> 0 | I78: 0 | J78: =TRUNC(D78*I78,0) -> 0 | K78: =E78+G78+I78 -> 893810 | L78: =TRUNC(D78*K78,0) -> 10422718 | M78: 11.661 | N78: =E78 -> 893810 | O78: =TRUNC(N78*M78,0) -> 10422718 | P78: =G78 -> 0 | Q78: =TRUNC(P78*M78,0) -> 0 | R78: =I78 -> 0 | S78: =TRUNC(R78*M78,0) -> 0 | T78: =N78+P78+R78 -> 893810 | U78: =TRUNC(M78*T78,0) -> 10422718 | V78: 0 | W78: =E78 -> 893810 | X78: =TRUNC(W78*V78,0) -> 0 | Y78: =G78 -> 0 | Z78: =TRUNC(Y78*V78,0) -> 0 | AA78: =I78 -> 0 | AB78: =TRUNC(AA78*V78,0) -> 0 | AC78: =W78+Y78+AA78 -> 893810 | AD78: =TRUNC(V78*AC78,0) -> 0 | AE78: =M78+V78 -> 11.661 | AF78: =E78 -> 893810 | AG78: =TRUNC(AF78*AE78,0) -> 10422718 | AH78: =G78 -> 0 | AI78: =TRUNC(AH78*AE78,0) -> 0 | AJ78: =I78 -> 0 | AK78: =TRUNC(AJ78*AE78,0) -> 0 | AL78: =AF78+AH78+AJ78 -> 893810 | AM78: =TRUNC(AE78*AL78,0) -> 10422718
A108: 소 계 | F108: =SUM(F75,F76,F77,F78) -> 34765461 | H108: =SUM(H75,H76,H77,H78) -> 0 | J108: =SUM(J75,J76,J77,J78) -> 0 | L108: =SUM(L75,L76,L77,L78) -> 34765461 | O108: =SUM(O75,O76,O77,O78) -> 10422718 | Q108: =SUM(Q75,Q76,Q77,Q78) -> 0 | S108: =SUM(S75,S76,S77,S78) -> 0 | U108: =SUM(U75,U76,U77,U78) -> 10422718 | X108: =SUM(X75,X76,X77,X78) -> 0 | Z108: =SUM(Z75,Z76,Z77,Z78) -> 0 | AB108: =SUM(AB75,AB76,AB77,AB78) -> 0 | AD108: =SUM(AD75,AD76,AD77,AD78) -> 0 | AG108: =SUM(AG75,AG76,AG77,AG78) -> 10422718 | AI108: =SUM(AI75,AI76,AI77,AI78) -> 0 | AK108: =SUM(AK75,AK76,AK77,AK78) -> 0 | AM108: =SUM(AM75,AM76,AM77,AM78) -> 10422718
A109: [ 미장벽돌 ]
A110: 미장벽돌/보차도(부가세포함) | B110: 240*79*60mm | C110: 매 | D110: 4313 | E110: 580 | F110: =TRUNC(E110*D110,0) -> 2501540 | G110: 0 | H110: =TRUNC(D110*G110,0) -> 0 | I110: 0 | J110: =TRUNC(D110*I110,0) -> 0 | K110: =E110+G110+I110 -> 580 | L110: =TRUNC(D110*K110,0) -> 2501540 | M110: 4313 | N110: =E110 -> 580 | O110: =TRUNC(N110*M110,0) -> 2501540 | P110: =G110 -> 0 | Q110: =TRUNC(P110*M110,0) -> 0 | R110: =I110 -> 0 | S110: =TRUNC(R110*M110,0) -> 0 | T110: =N110+P110+R110 -> 580 | U110: =TRUNC(M110*T110,0) -> 2501540 | V110: 0 | W110: =E110 -> 580 | X110: =TRUNC(W110*V110,0) -> 0 | Y110: =G110 -> 0 | Z110: =TRUNC(Y110*V110,0) -> 0 | AA110: =I110 -> 0 | AB110: =TRUNC(AA110*V110,0) -> 0 | AC110: =W110+Y110+AA110 -> 580 | AD110: =TRUNC(V110*AC110,0) -> 0 | AE110: =M110+V110 -> 4313 | AF110: =E110 -> 580 | AG110: =TRUNC(AF110*AE110,0) -> 2501540 | AH110: =G110 -> 0 | AI110: =TRUNC(AH110*AE110,0) -> 0 | AJ110: =I110 -> 0 | AK110: =TRUNC(AJ110*AE110,0) -> 0 | AL110: =AF110+AH110+AJ110 -> 580 | AM110: =TRUNC(AE110*AL110,0) -> 2501540
A111: 미장벽돌/외벽(부가세포함) | B111: 190*90*57mm | C111: 매 | D111: 7116 | E111: 360 | F111: =TRUNC(E111*D111,0) -> 2561760 | G111: 0 | H111: =TRUNC(D111*G111,0) -> 0 | I111: 0 | J111: =TRUNC(D111*I111,0) -> 0 | K111: =E111+G111+I111 -> 360 | L111: =TRUNC(D111*K111,0) -> 2561760 | M111: 9006 | N111: =E111 -> 360 | O111: =TRUNC(N111*M111,0) -> 3242160 | P111: =G111 -> 0 | Q111: =TRUNC(P111*M111,0) -> 0 | R111: =I111 -> 0 | S111: =TRUNC(R111*M111,0) -> 0 | T111: =N111+P111+R111 -> 360 | U111: =TRUNC(M111*T111,0) -> 3242160 | V111: 0 | W111: =E111 -> 360 | X111: =TRUNC(W111*V111,0) -> 0 | Y111: =G111 -> 0 | Z111: =TRUNC(Y111*V111,0) -> 0 | AA111: =I111 -> 0 | AB111: =TRUNC(AA111*V111,0) -> 0 | AC111: =W111+Y111+AA111 -> 360 | AD111: =TRUNC(V111*AC111,0) -> 0 | AE111: =M111+V111 -> 9006 | AF111: =E111 -> 360 | AG111: =TRUNC(AF111*AE111,0) -> 3242160 | AH111: =G111 -> 0 | AI111: =TRUNC(AH111*AE111,0) -> 0 | AJ111: =I111 -> 0 | AK111: =TRUNC(AJ111*AE111,0) -> 0 | AL111: =AF111+AH111+AJ111 -> 360 | AM111: =TRUNC(AE111*AL111,0) -> 3242160
A112: 미장벽돌/외벽(부가세포함) | B112: 190*90*57mm, 이형 | C112: 매 | D112: 140 | E112: 550 | F112: =TRUNC(E112*D112,0) -> 77000 | G112: 0 | H112: =TRUNC(D112*G112,0) -> 0 | I112: 0 | J112: =TRUNC(D112*I112,0) -> 0 | K112: =E112+G112+I112 -> 550 | L112: =TRUNC(D112*K112,0) -> 77000 | M112: 140 | N112: =E112 -> 550 | O112: =TRUNC(N112*M112,0) -> 77000 | P112: =G112 -> 0 | Q112: =TRUNC(P112*M112,0) -> 0 | R112: =I112 -> 0 | S112: =TRUNC(R112*M112,0) -> 0 | T112: =N112+P112+R112 -> 550 | U112: =TRUNC(M112*T112,0) -> 77000 | V112: 0 | W112: =E112 -> 550 | X112: =TRUNC(W112*V112,0) -> 0 | Y112: =G112 -> 0 | Z112: =TRUNC(Y112*V112,0) -> 0 | AA112: =I112 -> 0 | AB112: =TRUNC(AA112*V112,0) -> 0 | AC112: =W112+Y112+AA112 -> 550 | AD112: =TRUNC(V112*AC112,0) -> 0 | AE112: =M112+V112 -> 140 | AF112: =E112 -> 550 | AG112: =TRUNC(AF112*AE112,0) -> 77000 | AH112: =G112 -> 0 | AI112: =TRUNC(AH112*AE112,0) -> 0 | AJ112: =I112 -> 0 | AK112: =TRUNC(AJ112*AE112,0) -> 0 | AL112: =AF112+AH112+AJ112 -> 550 | AM112: =TRUNC(AE112*AL112,0) -> 77000
A113: 벽돌타일/외벽(부가세포함) | B113: 190*35*57mm | C113: 매 | D113: 8758 | E113: 700 | F113: =TRUNC(E113*D113,0) -> 6130600 | G113: 0 | H113: =TRUNC(D113*G113,0) -> 0 | I113: 0 | J113: =TRUNC(D113*I113,0) -> 0 | K113: =E113+G113+I113 -> 700 | L113: =TRUNC(D113*K113,0) -> 6130600 | M113: 8758 | N113: =E113 -> 700 | O113: =TRUNC(N113*M113,0) -> 6130600 | P113: =G113 -> 0 | Q113: =TRUNC(P113*M113,0) -> 0 | R113: =I113 -> 0 | S113: =TRUNC(R113*M113,0) -> 0 | T113: =N113+P113+R113 -> 700 | U113: =TRUNC(M113*T113,0) -> 6130600 | V113: 0 | W113: =E113 -> 700 | X113: =TRUNC(W113*V113,0) -> 0 | Y113: =G113 -> 0 | Z113: =TRUNC(Y113*V113,0) -> 0 | AA113: =I113 -> 0 | AB113: =TRUNC(AA113*V113,0) -> 0 | AC113: =W113+Y113+AA113 -> 700 | AD113: =TRUNC(V113*AC113,0) -> 0 | AE113: =M113+V113 -> 8758 | AF113: =E113 -> 700 | AG113: =TRUNC(AF113*AE113,0) -> 6130600 | AH113: =G113 -> 0 | AI113: =TRUNC(AH113*AE113,0) -> 0 | AJ113: =I113 -> 0 | AK113: =TRUNC(AJ113*AE113,0) -> 0 | AL113: =AF113+AH113+AJ113 -> 700 | AM113: =TRUNC(AE113*AL113,0) -> 6130600
A114: 벽돌타일/외천정(부가세포함) | B114: 190*35*57mm | C114: 매 | D114: 5370 | E114: 630 | F114: =TRUNC(E114*D114,0) -> 3383100 | G114: 0 | H114: =TRUNC(D114*G114,0) -> 0 | I114: 0 | J114: =TRUNC(D114*I114,0) -> 0 | K114: =E114+G114+I114 -> 630 | L114: =TRUNC(D114*K114,0) -> 3383100 | M114: 0 | N114: =E114 -> 630 | O114: =TRUNC(N114*M114,0) -> 0 | P114: =G114 -> 0 | Q114: =TRUNC(P114*M114,0) -> 0 | R114: =I114 -> 0 | S114: =TRUNC(R114*M114,0) -> 0 | T114: =N114+P114+R114 -> 630 | U114: =TRUNC(M114*T114,0) -> 0 | V114: 0 | W114: =E114 -> 630 | X114: =TRUNC(W114*V114,0) -> 0 | Y114: =G114 -> 0 | Z114: =TRUNC(Y114*V114,0) -> 0 | AA114: =I114 -> 0 | AB114: =TRUNC(AA114*V114,0) -> 0 | AC114: =W114+Y114+AA114 -> 630 | AD114: =TRUNC(V114*AC114,0) -> 0 | AE114: =M114+V114 -> 0 | AF114: =E114 -> 630 | AG114: =TRUNC(AF114*AE114,0) -> 0 | AH114: =G114 -> 0 | AI114: =TRUNC(AH114*AE114,0) -> 0 | AJ114: =I114 -> 0 | AK114: =TRUNC(AJ114*AE114,0) -> 0 | AL114: =AF114+AH114+AJ114 -> 630 | AM114: =TRUNC(AE114*AL114,0) -> 0
A143: 소 계 | F143: =SUM(F110,F111,F112,F113,F114) -> 14654000 | H143: =SUM(H110,H111,H112,H113,H114) -> 0 | J143: =SUM(J110,J111,J112,J113,J114) -> 0 | L143: =SUM(L110,L111,L112,L113,L114) -> 14654000 | O143: =SUM(O110,O111,O112,O113,O114) -> 11951300 | Q143: =SUM(Q110,Q111,Q112,Q113,Q114) -> 0 | S143: =SUM(S110,S111,S112,S113,S114) -> 0 | U143: =SUM(U110,U111,U112,U113,U114) -> 11951300 | X143: =SUM(X110,X111,X112,X113,X114) -> 0 | Z143: =SUM(Z110,Z111,Z112,Z113,Z114) -> 0 | AB143: =SUM(AB110,AB111,AB112,AB113,AB114) -> 0 | AD143: =SUM(AD110,AD111,AD112,AD113,AD114) -> 0 | AG143: =SUM(AG110,AG111,AG112,AG113,AG114) -> 11951300 | AI143: =SUM(AI110,AI111,AI112,AI113,AI114) -> 0 | AK143: =SUM(AK110,AK111,AK112,AK113,AK114) -> 0 | AM143: =SUM(AM110,AM111,AM112,AM113,AM114) -> 11951300
A144: [ 조달수수료및단수정리 ]
A145: 조달수수료 | B145: 합계의 0.54% | C145: 식 | D145: 1 | E145: 457185 | F145: =TRUNC(E145*D145,0) -> 457185 | G145: 0 | H145: =TRUNC(D145*G145,0) -> 0 | I145: 0 | J145: =TRUNC(D145*I145,0) -> 0 | K145: =E145+G145+I145 -> 457185 | L145: =TRUNC(D145*K145,0) -> 457185 | M145: 1 | N145: =E145 -> 457185 | O145: =TRUNC(N145*M145,0) -> 457185 | P145: =G145 -> 0 | Q145: =TRUNC(P145*M145,0) -> 0 | R145: =I145 -> 0 | S145: =TRUNC(R145*M145,0) -> 0 | T145: =N145+P145+R145 -> 457185 | U145: =TRUNC(M145*T145,0) -> 457185 | V145: 0 | W145: =E145 -> 457185 | X145: =TRUNC(W145*V145,0) -> 0 | Y145: =G145 -> 0 | Z145: =TRUNC(Y145*V145,0) -> 0 | AA145: =I145 -> 0 | AB145: =TRUNC(AA145*V145,0) -> 0 | AC145: =W145+Y145+AA145 -> 457185 | AD145: =TRUNC(V145*AC145,0) -> 0 | AE145: =M145+V145 -> 1 | AF145: =E145 -> 457185 | AG145: =TRUNC(AF145*AE145,0) -> 457185 | AH145: =G145 -> 0 | AI145: =TRUNC(AH145*AE145,0) -> 0 | AJ145: =I145 -> 0 | AK145: =TRUNC(AJ145*AE145,0) -> 0 | AL145: =AF145+AH145+AJ145 -> 457185 | AM145: =TRUNC(AE145*AL145,0) -> 457185
A178: [ 합 계 ] | F178: =SUM(F73,F108,F143,F145) -> 85121076 | H178: =SUM(H73,H108,H143,H145) -> 0 | J178: =SUM(J73,J108,J143,J145) -> 0 | L178: =SUM(L73,L108,L143,L145) -> 85121076 | O178: =SUM(O73,O108,O143,O145) -> 22831203 | Q178: =SUM(Q73,Q108,Q143,Q145) -> 0 | S178: =SUM(S73,S108,S143,S145) -> 0 | U178: =SUM(U73,U108,U143,U145) -> 22831203 | X178: =SUM(X73,X108,X143,X145) -> 0 | Z178: =SUM(Z73,Z108,Z143,Z145) -> 0 | AB178: =SUM(AB73,AB108,AB143,AB145) -> 0 | AD178: =SUM(AD73,AD108,AD143,AD145) -> 0 | AG178: =SUM(AG73,AG108,AG143,AG145) -> 22831203 | AI178: =SUM(AI73,AI108,AI143,AI145) -> 0 | AK178: =SUM(AK73,AK108,AK143,AK145) -> 0 | AM178: =SUM(AM73,AM108,AM143,AM145) -> 22831203
A179: 0107 관급자관급자재비
A180: [ AL창호 ] | F180: =TRUNC(E180*D180,0) -> 0 | H180: =TRUNC(D180*G180,0) -> 0 | J180: =TRUNC(D180*I180,0) -> 0 | K180: =E180+G180+I180 -> 0 | L180: =TRUNC(D180*K180,0) -> 0 | O180: =TRUNC(N180*M180,0) -> 0 | Q180: =TRUNC(M180*P180,0) -> 0 | S180: =TRUNC(M180*R180,0) -> 0 | T180: =N180+P180+R180 -> 0 | U180: =TRUNC(M180*T180,0) -> 0 | X180: =TRUNC(W180*V180,0) -> 0 | Z180: =TRUNC(V180*Y180,0) -> 0 | AB180: =TRUNC(V180*AA180,0) -> 0 | AC180: =W180+Y180+AA180 -> 0 | AD180: =TRUNC(V180*AC180,0) -> 0 | AG180: =TRUNC(AF180*AE180,0) -> 0 | AI180: =TRUNC(AE180*AH180,0) -> 0 | AK180: =TRUNC(AE180*AJ180,0) -> 0 | AL180: =AF180+AH180+AJ180 -> 0 | AM180: =TRUNC(AE180*AL180,0) -> 0
A181: 히든커튼월(부가세포함) | B181: WPS-AF130H-D01 불소수지코팅(2회) [현장설치도] | C181: KG | D181: 505.7 | E181: 15600 | F181: =TRUNC(E181*D181,0) -> 7888920 | G181: 0 | H181: =TRUNC(D181*G181,0) -> 0 | I181: 0 | J181: =TRUNC(D181*I181,0) -> 0 | K181: =E181+G181+I181 -> 15600 | L181: =TRUNC(D181*K181,0) -> 7888920 | M181: 505.7 | N181: =E181 -> 15600 | O181: =TRUNC(N181*M181,0) -> 7888920 | P181: =G181 -> 0 | Q181: =TRUNC(P181*M181,0) -> 0 | R181: =I181 -> 0 | S181: =TRUNC(R181*M181,0) -> 0 | T181: =N181+P181+R181 -> 15600 | U181: =TRUNC(M181*T181,0) -> 7888920 | V181: 0 | W181: =E181 -> 15600 | X181: =TRUNC(W181*V181,0) -> 0 | Y181: =G181 -> 0 | Z181: =TRUNC(Y181*V181,0) -> 0 | AA181: =I181 -> 0 | AB181: =TRUNC(AA181*V181,0) -> 0 | AC181: =W181+Y181+AA181 -> 15600 | AD181: =TRUNC(V181*AC181,0) -> 0 | AE181: =M181+V181 -> 505.7 | AF181: =E181 -> 15600 | AG181: =TRUNC(AF181*AE181,0) -> 7888920 | AH181: =G181 -> 0 | AI181: =TRUNC(AH181*AE181,0) -> 0 | AJ181: =I181 -> 0 | AK181: =TRUNC(AJ181*AE181,0) -> 0 | AL181: =AF181+AH181+AJ181 -> 15600 | AM181: =TRUNC(AE181*AL181,0) -> 7888920
A182: 커튼월(부가세포함) | B182: WPS-AF150C-D01 불소수지코팅(2회) [현장설치도] | C182: KG | D182: 1584.5 | E182: 15600 | F182: =TRUNC(E182*D182,0) -> 24718200 | G182: 0 | H182: =TRUNC(D182*G182,0) -> 0 | I182: 0 | J182: =TRUNC(D182*I182,0) -> 0 | K182: =E182+G182+I182 -> 15600 | L182: =TRUNC(D182*K182,0) -> 24718200 | M182: 1584.5 | N182: =E182 -> 15600 | O182: =TRUNC(N182*M182,0) -> 24718200 | P182: =G182 -> 0 | Q182: =TRUNC(P182*M182,0) -> 0 | R182: =I182 -> 0 | S182: =TRUNC(R182*M182,0) -> 0 | T182: =N182+P182+R182 -> 15600 | U182: =TRUNC(M182*T182,0) -> 24718200 | V182: 0 | W182: =E182 -> 15600 | X182: =TRUNC(W182*V182,0) -> 0 | Y182: =G182 -> 0 | Z182: =TRUNC(Y182*V182,0) -> 0 | AA182: =I182 -> 0 | AB182: =TRUNC(AA182*V182,0) -> 0 | AC182: =W182+Y182+AA182 -> 15600 | AD182: =TRUNC(V182*AC182,0) -> 0 | AE182: =M182+V182 -> 1584.5 | AF182: =E182 -> 15600 | AG182: =TRUNC(AF182*AE182,0) -> 24718200 | AH182: =G182 -> 0 | AI182: =TRUNC(AH182*AE182,0) -> 0 | AJ182: =I182 -> 0 | AK182: =TRUNC(AJ182*AE182,0) -> 0 | AL182: =AF182+AH182+AJ182 -> 15600 | AM182: =TRUNC(AE182*AL182,0) -> 24718200
A183: 방충망(부가세포함) | B183: WPS-SC-001 불소수지코팅(2회) [현장설치도] | C183: KG | D183: 19.2 | E183: 14000 | F183: =TRUNC(E183*D183,0) -> 268800 | G183: 0 | H183: =TRUNC(D183*G183,0) -> 0 | I183: 0 | J183: =TRUNC(D183*I183,0) -> 0 | K183: =E183+G183+I183 -> 14000 | L183: =TRUNC(D183*K183,0) -> 268800 | M183: 9.577 | N183: =E183 -> 14000 | O183: =TRUNC(N183*M183,0) -> 134078 | P183: =G183 -> 0 | Q183: =TRUNC(P183*M183,0) -> 0 | R183: =I183 -> 0 | S183: =TRUNC(R183*M183,0) -> 0 | T183: =N183+P183+R183 -> 14000 | U183: =TRUNC(M183*T183,0) -> 134078 | V183: 0 | W183: =E183 -> 14000 | X183: =TRUNC(W183*V183,0) -> 0 | Y183: =G183 -> 0 | Z183: =TRUNC(Y183*V183,0) -> 0 | AA183: =I183 -> 0 | AB183: =TRUNC(AA183*V183,0) -> 0 | AC183: =W183+Y183+AA183 -> 14000 | AD183: =TRUNC(V183*AC183,0) -> 0 | AE183: =M183+V183 -> 9.577 | AF183: =E183 -> 14000 | AG183: =TRUNC(AF183*AE183,0) -> 134078 | AH183: =G183 -> 0 | AI183: =TRUNC(AH183*AE183,0) -> 0 | AJ183: =I183 -> 0 | AK183: =TRUNC(AJ183*AE183,0) -> 0 | AL183: =AF183+AH183+AJ183 -> 14000 | AM183: =TRUNC(AE183*AL183,0) -> 134078
A184: 롤방충망(부가세포함) | B184: WPS-RSC-001 불소수지코팅(2회) [현장설치도] | C184: KG | D184: 0 | E184: 0 | F184: =TRUNC(E184*D184,0) -> 0 | G184: 0 | H184: =TRUNC(D184*G184,0) -> 0 | I184: 0 | J184: =TRUNC(D184*I184,0) -> 0 | K184: =E184+G184+I184 -> 0 | L184: =TRUNC(D184*K184,0) -> 0 | M184: 0 | N184: =E184 -> 0 | O184: =TRUNC(N184*M184,0) -> 0 | P184: =G184 -> 0 | Q184: =TRUNC(P184*M184,0) -> 0 | R184: =I184 -> 0 | S184: =TRUNC(R184*M184,0) -> 0 | T184: =N184+P184+R184 -> 0 | U184: =TRUNC(M184*T184,0) -> 0 | V184: 0 | W184: =E184 -> 0 | X184: =TRUNC(W184*V184,0) -> 0 | Y184: =G184 -> 0 | Z184: =TRUNC(Y184*V184,0) -> 0 | AA184: =I184 -> 0 | AB184: =TRUNC(AA184*V184,0) -> 0 | AC184: =W184+Y184+AA184 -> 0 | AD184: =TRUNC(V184*AC184,0) -> 0 | AE184: =M184+V184 -> 0 | AF184: =E184 -> 0 | AG184: =TRUNC(AF184*AE184,0) -> 0 | AH184: =G184 -> 0 | AI184: =TRUNC(AH184*AE184,0) -> 0 | AJ184: =I184 -> 0 | AK184: =TRUNC(AJ184*AE184,0) -> 0 | AL184: =AF184+AH184+AJ184 -> 0 | AM184: =TRUNC(AE184*AL184,0) -> 0
A213: 소 계 | F213: =SUM(F181,F182,F183,F184) -> 32875920 | H213: =SUM(H181,H182,H183,H184) -> 0 | J213: =SUM(J181,J182,J183,J184) -> 0 | L213: =SUM(L181,L182,L183,L184) -> 32875920 | O213: =SUM(O181,O182,O183,O184) -> 32741198 | Q213: =SUM(Q181,Q182,Q183,Q184) -> 0 | S213: =SUM(S181,S182,S183,S184) -> 0 | U213: =SUM(U181,U182,U183,U184) -> 32741198 | X213: =SUM(X181,X182,X183,X184) -> 0 | Z213: =SUM(Z181,Z182,Z183,Z184) -> 0 | AB213: =SUM(AB181,AB182,AB183,AB184) -> 0 | AD213: =SUM(AD181,AD182,AD183,AD184) -> 0 | AG213: =SUM(AG181,AG182,AG183,AG184) -> 32741198 | AI213: =SUM(AI181,AI182,AI183,AI184) -> 0 | AK213: =SUM(AK181,AK182,AK183,AK184) -> 0 | AM213: =SUM(AM181,AM182,AM183,AM184) -> 32741198
A214: [ 조달수수료및단수정리 ]
A215: 조달수수료 | B215: 합계의 0.54% | C215: 식 | D215: 1 | E215: 177529 | F215: =TRUNC(E215*D215,0) -> 177529 | G215: 0 | H215: =TRUNC(D215*G215,0) -> 0 | I215: 0 | J215: =TRUNC(D215*I215,0) -> 0 | K215: =E215+G215+I215 -> 177529 | L215: =TRUNC(D215*K215,0) -> 177529 | M215: 1 | N215: =E215 -> 177529 | O215: =TRUNC(N215*M215,0) -> 177529 | P215: =G215 -> 0 | Q215: =TRUNC(P215*M215,0) -> 0 | R215: =I215 -> 0 | S215: =TRUNC(R215*M215,0) -> 0 | T215: =N215+P215+R215 -> 177529 | U215: =TRUNC(M215*T215,0) -> 177529 | V215: 0 | W215: =E215 -> 177529 | X215: =TRUNC(W215*V215,0) -> 0 | Y215: =G215 -> 0 | Z215: =TRUNC(Y215*V215,0) -> 0 | AA215: =I215 -> 0 | AB215: =TRUNC(AA215*V215,0) -> 0 | AC215: =W215+Y215+AA215 -> 177529 | AD215: =TRUNC(V215*AC215,0) -> 0 | AE215: =M215+V215 -> 1 | AF215: =E215 -> 177529 | AG215: =TRUNC(AF215*AE215,0) -> 177529 | AH215: =G215 -> 0 | AI215: =TRUNC(AH215*AE215,0) -> 0 | AJ215: =I215 -> 0 | AK215: =TRUNC(AJ215*AE215,0) -> 0 | AL215: =AF215+AH215+AJ215 -> 177529 | AM215: =TRUNC(AE215*AL215,0) -> 177529
A216: 단수정리 | C216: 식 | D216: 1 | E216: 551 | F216: =TRUNC(E216*D216,0) -> 551 | G216: 0 | H216: =TRUNC(D216*G216,0) -> 0 | I216: 0 | J216: =TRUNC(D216*I216,0) -> 0 | K216: =E216+G216+I216 -> 551 | L216: =TRUNC(D216*K216,0) -> 551 | M216: 1 | N216: =E216 -> 551 | O216: =TRUNC(N216*M216,0) -> 551 | P216: =G216 -> 0 | Q216: =TRUNC(P216*M216,0) -> 0 | R216: =I216 -> 0 | S216: =TRUNC(R216*M216,0) -> 0 | T216: =N216+P216+R216 -> 551 | U216: =TRUNC(M216*T216,0) -> 551 | V216: 0 | W216: =E216 -> 551 | X216: =TRUNC(W216*V216,0) -> 0 | Y216: =G216 -> 0 | Z216: =TRUNC(Y216*V216,0) -> 0 | AA216: =I216 -> 0 | AB216: =TRUNC(AA216*V216,0) -> 0 | AC216: =W216+Y216+AA216 -> 551 | AD216: =TRUNC(V216*AC216,0) -> 0 | AE216: =M216+V216 -> 1 | AF216: =E216 -> 551 | AG216: =TRUNC(AF216*AE216,0) -> 551 | AH216: =G216 -> 0 | AI216: =TRUNC(AH216*AE216,0) -> 0 | AJ216: =I216 -> 0 | AK216: =TRUNC(AJ216*AE216,0) -> 0 | AL216: =AF216+AH216+AJ216 -> 551 | AM216: =TRUNC(AE216*AL216,0) -> 551
A248: [ 합 계 ] | F248: =SUM(F213,F215,F216) -> 33054000 | H248: =SUM(H213,H215,H216) -> 0 | J248: =SUM(J213,J215,J216) -> 0 | L248: =SUM(L213,L215,L216) -> 33054000 | O248: =SUM(O213,O215,O216) -> 32919278 | Q248: =SUM(Q213,Q215,Q216) -> 0 | S248: =SUM(S213,S215,S216) -> 0 | U248: =SUM(U213,U215,U216) -> 32919278 | X248: =SUM(X213,X215,X216) -> 0 | Z248: =SUM(Z213,Z215,Z216) -> 0 | AB248: =SUM(AB213,AB215,AB216) -> 0 | AD248: =SUM(AD213,AD215,AD216) -> 0 | AG248: =SUM(AG213,AG215,AG216) -> 32919278 | AI248: =SUM(AI213,AI215,AI216) -> 0 | AK248: =SUM(AK213,AK215,AK216) -> 0 | AM248: =SUM(AM213,AM215,AM216) -> 32919278

Sheet 선금정산서
A1: 선 금 급 정 산 서
A3: 1. 공 사 명 : | E3: =기성정보_출력X!C2 -> (예시) OO부대 시설물 보수공사
A4: 2. 공 사 기 간 : | E4: ="공사기간(금차분) : "&TEXT(기성정보_출력X!C11,"yyyy년 m월 d일")&" ~ "&TEXT(기성정보_출력X!C12,"yyyy년 m월 d일") -> 공사기간(금차분) : 2026년 1월 7일 ~ 2026년 2월 20일
A6: 3. 계 약 금 액 : | E6: ="일금"&TEXT(기성정보_출력X!C9,"#,##0")&"원정(공사금액, VAT포함)" -> 일금150,000,000원정(공사금액, VAT포함) | O6: ( | P6: =기성정보_출력X!C9 -> 150000000 | S6: )
A7: 총공사부기금액: | O7: ( | P7: 0 | S7: )
A8: 4. 선금급 정산액
A9: 수 령 액 | F9: 전 회 정 산 액 | K9: 금 회 정 산 액 | Q9: 잔 액 | T9: 비고
A10: 일 자 | C10: 금 액 | F10: 일 자 | H10: 금 액 | K10: 일 자 | M10: 금 액
C11: =기성정보_출력X!C17 -> 0 | H11: 0 | K11: 43353 | M11: =내역서!G20 -> 8078000.5 | Q11: =C11-M11 -> -8078000.5
A16: 상기와 같이 선급금을 정산합니다.
A18: 붙 임 : 1. 선급금정산내역서 1부 .끝.
A21: 43370
E25: 주 소 | G25: : | H25: =기성정보_출력X!C7 -> OO도 OO시 OO구 OO로 00
E27: 상 호 | G27: : | H27: =기성정보_출력X!C6 -> 주식회사 가상건설
E29: 대 표 자 | G29: : | H29: =기성정보_출력X!C8&" (인)" -> 홍길동 (인)
A32: =기성정보_출력X!C4&" 귀하" -> OO청 귀하

Sheet 내역서
A1: 선급금 정산내역서
A4: ■ 공 사 개 요
A5: ="□ 공 사 명 : "&기성정보_출력X!C2 -> □ 공 사 명 : (예시) OO부대 시설물 보수공사
A6: ="□ 계 약 일 : "&TEXT(기성정보_출력X!C10,"yyyy년 m월 d일") -> □ 계 약 일 : 2026년 1월 7일
A7: ="□ 공 사 금 액 : 금 "&TEXT(기성정보_출력X!C9,"#,##0")&"원정 (VAT포함) - 금차분" -> □ 공 사 금 액 : 금 150,000,000원정 (VAT포함) - 금차분
A9: ="□ 공 사 기 간 : "&TEXT(기성정보_출력X!C11,"yyyy년 m월 d일")&" ~ "&TEXT(기성정보_출력X!C12,"yyyy년 m월 d일")&" (금차분)" -> □ 공 사 기 간 : 2026년 1월 7일 ~ 2026년 2월 20일 (금차분)
A11: ="□ 선급금수령 : 금 "&TEXT(기성정보_출력X!C17,"#,##0")&"원정 (VAT포함)" -> □ 선급금수령 : 금 0원정 (VAT포함)
A13: ■ 선급금 사용내역서 (1차수-1회)
A14: 구분 | C14: 외주비 | D14: 재료비 | E14: 노무비 | F14: 경비 | G14: 합계 | H14: 비고
A15: 4월 | C15: =외주비내역!G7 -> 3300000 | D15: =재료비내역!G6 -> 1650000 | E15: =노무비내역!G7 -> 2000000 | F15: =경비내역!G7 -> 550000 | G15: =SUM(C15:F15) -> 7500000
A16: 5월 | C16: =외주비내역!G13 -> 0 | D16: =재료비내역!G11 -> 0 | E16: =노무비내역!G14 -> 0 | F16: =경비내역!G20 -> -1 | G16: =SUM(C16:F16) -> -1
A17: 6월 | C17: =외주비내역!G19 -> 0 | D17: =재료비내역!G21 -> 578000.5 | E17: =노무비내역!G18 -> 0 | F17: =경비내역!G30 -> 1 | G17: =SUM(C17:F17) -> 578001.5
A18: 7월 | C18: =외주비내역!G24 -> 0 | D18: =재료비내역!G25 -> 0 | E18: =노무비내역!G25 -> 0 | F18: =경비내역!G40 -> 0 | G18: =SUM(C18:F18) -> 0
A19: 8월 | C19: =외주비내역!G30 -> 0 | E19: =노무비내역!G30 -> 0 | F19: =경비내역!G52 -> 0 | G19: =SUM(C19:F19) -> 0
A20: 계 | C20: =SUM(C15:C19) -> 3300000 | D20: =SUM(D15:D19) -> 2228000.5 | E20: =SUM(E15:E19) -> 2000000 | F20: =SUM(F15:F18) -> 550000 | G20: =SUM(G15:G19) -> 8078000.5

Sheet 외주비내역
A1: 가. 외 주 비
A2: 날 짜 | C2: 거 래 처 | D2: 적 요 | E2: 사 용 금 액 | H2: 비고
E3: 공급가액 | F3: 부가세 | G3: 합계
A4: 4월 | B4: 1 | C4: (예시) OO전문건설 | D4: 가설공사 외주 | E4: 3000000 | F4: =E4*10% -> 300000 | G4: =E4+F4 -> 3300000
B7: 소 계 | E7: =SUM(E4:E6) -> 3000000 | F7: =SUM(F4:F6) -> 300000 | G7: =SUM(G4:G6) -> 3300000
A8: 5월
B13: 소 계 | E13: =SUM(E8:E12) -> 0 | F13: =SUM(F8:F12) -> 0 | G13: =SUM(G8:G12) -> 0
A14: 6월 | F14: =E14*10% -> 0 | G14: =E14+F14 -> 0
F15: =E15*10% -> 0 | G15: =E15+F15 -> 0
F16: =E16*10% -> 0
F17: =E17*10% -> 0 | G17: =E17+F17 -> 0
F18: =E18*10%-1 -> -1 | G18: =E18+F18 -> -1
B19: 소 계 | E19: =SUM(E14:E18) -> 0 | F19: =SUM(F14:F18)+1 -> 0 | G19: =SUM(G14:G18)+1 -> 0
A20: 7월 | F20: =E20*10% -> 0 | G20: =E20+F20 -> 0
F21: =E21*10% -> 0 | G21: =E21+F21 -> 0 | I21: =G21/1.1 -> 0
B24: 소 계 | E24: =SUM(E20:E23) -> 0 | F24: =SUM(F20:F23) -> 0 | G24: =SUM(G20:G23) -> 0
A25: 8월 | F25: =E25*10% -> 0 | I25: =G25/1.1 -> 0
B30: 소 계 | E30: =SUM(E25:E29) -> 0 | F30: =SUM(F25:F29) -> 0 | G30: =SUM(G25:G29) -> 0

Sheet 재료비내역
A1: 나. 재 료 비
A2: 날 짜 | C2: 거 래 처 | D2: 적 요 | E2: 사 용 금 액 | H2: 비고
E3: 공급가액 | F3: 부가세 | G3: 합계
A4: 4월 | B4: 1 | C4: (예시) OO자재상사 | D4: 자재 구매 | E4: 1500000 | F4: =E4*10% -> 150000 | G4: =E4+F4 -> 1650000
F5: =10%*E5 -> 0 | G5: =E5+F5 -> 0
B6: 소 계 | E6: =SUM(E4:E5) -> 1500000 | F6: =SUM(F4:F5) -> 150000 | G6: =SUM(G4:G5) -> 1650000
A7: 5월 | F7: =E7*10% -> 0 | G7: =E7+F7 -> 0
F8: =E8*10% -> 0 | G8: =E8+F8 -> 0 | I8: =G8/1.1 -> 0
B11: 소 계 | E11: =SUM(E7:E10) -> 0 | F11: =SUM(F7:F10) -> 0 | G11: =SUM(G7:G10) -> 0
A12: 6월 | F12: =E12*10% -> 0 | G12: =E12+F12 -> 0 | I12: =G12/1.1 -> 0
F13: =E13*10% -> 0 | G13: =E13+F13 -> 0
F14: =E14*10% -> 0 | G14: =E14+F14 -> 0
F15: =E15*10% -> 0 | G15: =E15+F15 -> 0 | I15: =G15/1.1 -> 0
E16: =525454+1 -> 525455 | F16: =E16*10%-1 -> 52544.5 | G16: =E16+F16 -> 577999.5
F17: =E17*10% -> 0 | G17: =E17+F17 -> 0
F18: =E18*10% -> 0 | G18: =E18+F18 -> 0
I20: =G20/1.1 -> 0
B21: 소 계 | E21: =SUM(E12:E20) -> 525455 | F21: =SUM(F12:F20)+1 -> 52545.5 | G21: =SUM(G12:G20)+1 -> 578000.5
A22: 7월 | F22: =E22*10% -> 0 | G22: =E22+F22 -> 0 | I22: =G22/1.1 -> 0
B25: 소 계 | E25: =SUM(E22:E24) -> 0 | F25: =SUM(F22:F24) -> 0 | G25: =SUM(G22:G24) -> 0
A26: 8월
B29: 소 계 | E29: =SUM(E26:E28) -> 0 | F29: =SUM(F26:F28) -> 0 | G29: =SUM(G26:G28) -> 0

Sheet 노무비내역
A1: 다. 노 무 비
A2: 날 짜 | C2: 거 래 처 | D2: 적 요 | E2: 사 용 금 액 | H2: 비고
E3: 공급가액 | F3: 부가세 | G3: 합계
A4: 4월 | B4: 1 | C4: 홍길동 | D4: 급여 | E4: 2000000 | F4: =10%*E4 -> 200000 | G4: 2000000
F5: =10%*E5 -> 0 | G5: =E5+F5 -> 0
F6: =10%*E6 -> 0 | G6: =E6+F6 -> 0
B7: 소 계 | E7: =SUM(E4:E6) -> 2000000 | F7: =SUM(F4:F6) -> 200000 | G7: =SUM(G4:G6) -> 2000000
A8: 5월
B14: 소 계 | E14: =SUM(E8:E10) -> 0 | F14: =SUM(F8:F10) -> 0 | G14: =SUM(G8:G10) -> 0
A15: 6월 | F15: =E15*10% -> 0
B18: 소 계 | E18: =SUM(E15:E17) -> 0 | F18: =SUM(F15:F17) -> 0 | G18: =SUM(G15:G17) -> 0
A19: 7월 | F19: =10%*E19 -> 0
F20: =10%*E20 -> 0
F23: =10%*E23 -> 0 | G23: =E23+F23 -> 0
F24: =10%*E24 -> 0 | G24: =E24+F24 -> 0
B25: 소 계 | E25: =SUM(E19:E24) -> 0 | F25: =SUM(F19:F24) -> 0 | G25: =SUM(G19:G24) -> 0
A26: 8월
B30: 소 계 | E30: =SUM(E26:E29) -> 0 | F30: =SUM(F26:F29) -> 0 | G30: =SUM(G26:G29) -> 0

Sheet 경비내역
A1: 라. 경 비
A2: 날 짜 | C2: 거 래 처 | D2: 적 요 | E2: 사 용 금 액 | H2: 비고
E3: 공급가액 | F3: 부가세 | G3: 합계
A4: 4월 | B4: 1 | C4: (예시) OO기업 | D4: 장비 임대 | E4: 500000 | F4: =E4*10% -> 50000 | G4: =E4+F4 -> 550000 | I4: =G4/1.1 -> 500000
B7: 소 계 | E7: =SUM(E4:E6) -> 500000 | F7: =SUM(F4:F6) -> 50000 | G7: =SUM(G4:G6) -> 550000
A8: 5월 | F8: =E8*10% -> 0 | G8: =E8+F8 -> 0
G9: =E9+F9 -> 0
F10: =E10*10% -> 0 | G10: =E10+F10 -> 0 | I10: =G10/1.1 -> 0
F11: =E11*10% -> 0 | G11: =E11+F11 -> 0
F12: =E12*10% -> 0 | G12: =E12+F12 -> 0 | I12: =G12/1.1 -> 0
F13: =E13*10% -> 0 | G13: =E13+F13 -> 0 | I13: =G13/1.1 -> 0
F15: =E15*10% -> 0 | G15: =E15+F15 -> 0
F16: =E16*10% -> 0 | G16: =E16+F16 -> 0
B20: 소 계 | E20: =SUM(E8:E19) -> 0 | F20: =SUM(F8:F19)-1 -> -1 | G20: =SUM(G8:G19)-1 -> -1
A21: 6월 | F21: =E21*10% -> 0 | G21: =E21+F21 -> 0 | I21: =G21/1.1 -> 0
F24: =E24*10%+1 -> 1 | G24: =E24+F24 -> 1
F25: =E25*10% -> 0 | G25: =E25+F25 -> 0
F26: =E26*10% -> 0 | G26: =E26+F26 -> 0
B30: 소 계 | E30: =SUM(E21:E29) -> 0 | F30: =SUM(F21:F29) -> 1 | G30: =SUM(G21:G29) -> 1
A31: 7월
F32: =E32*10% -> 0 | G32: =E32+F32 -> 0
F35: =10%*E35 -> 0 | G35: =E35+F35 -> 0
F36: =10%*E36 -> 0 | G36: =E36+F36 -> 0
B40: 소 계 | E40: =SUM(E31:E36) -> 0 | F40: =SUM(F31:F36) -> 0 | G40: =SUM(G31:G36) -> 0
A41: 8월 | G41: =E41+F41 -> 0
G42: =E42+F42 -> 0 | I42: =G42/1.1 -> 0
G43: =E43+F43 -> 0
G44: =E44+F44 -> 0
F45: =10%*E45 -> 0 | G45: =E45+F45 -> 0 | I45: =G45/1.1 -> 0
F46: =10%*E46 -> 0 | G46: =E46+F46 -> 0
F47: =10%*E47 -> 0 | G47: =E47+F47 -> 0
B52: 소 계 | E52: =SUM(E41:E51) -> 0 | F52: =SUM(F41:F51) -> 0 | G52: =SUM(G41:G51) -> 0
